{
  "rasio_klaim": 0.698895,
  "persetujuan_atasan": 0.301105
}